{
  "video": "data\\videos\\Video Project.mp4",
  "ref": 0,
  "H_ref_to_image": [
    [
      4.414379622979719e-06,
      3.852712995860615e-06,
      0.0004016035126873102
    ],
    [
      5.089473773173886e-07,
      2.185064055890538e-06,
      4.161439352544664e-05
    ],
    [
      1.883175593671432e-09,
      2.2140758413607096e-09,
      1.2159519504638427e-06
    ]
  ],
  "samples": 50
}